id,nome,quantidade_questoes,status
1,Português,242789,OK
2,Direito Administrativo,80616,OK
3,Direito Constitucional,60696,OK
4,Raciocínio Lógico,31348,OK
5,,0,NAO_ENCONTRADO
6,Direito Eleitoral,3077,OK
7,Direito do Trabalho,10106,OK
8,Direito Civil,19522,OK
9,Direito Penal,18598,OK
10,Direito Processual Penal,12128,OK
11,Direito Processual do Trabalho,5029,OK
12,Direito Processual Civil - CPC 1973,7360,OK
13,Matemática,89956,OK
14,Direito Financeiro,9769,OK
15,,0,NAO_ENCONTRADO
16,Inglês,24873,OK
17,Espanhol,4306,OK
18,Direito Tributário,22954,OK
19,Direito Previdenciário,6356,OK
20,Arquivologia,23952,OK
21,Administração Geral,40837,OK
22,,0,NAO_ENCONTRADO
23,,0,NAO_ENCONTRADO
24,Conhecimentos Gerais,13765,OK
25,Ética na Administração Pública,7721,OK
26,Administração Pública,13372,OK
27,,0,NAO_ENCONTRADO
28,Segurança e Saúde no Trabalho,42740,OK
29,,0,NAO_ENCONTRADO
30,,0,NAO_ENCONTRADO
31,,0,NAO_ENCONTRADO
32,,0,NAO_ENCONTRADO
33,Administração Financeira e Orçamentária,23078,OK
34,Auditoria,9347,OK
35,Contabilidade Geral,35068,OK
36,Contabilidade Pública,29141,OK
37,,0,NAO_ENCONTRADO
38,,0,NAO_ENCONTRADO
39,Matemática Financeira,8120,OK
40,Estatística,13898,OK
41,,0,NAO_ENCONTRADO
42,Direito Internacional Público,1034,OK
43,Legislação dos Tribunais de Justiça (TJs),2088,OK
44,,0,NAO_ENCONTRADO
45,,0,NAO_ENCONTRADO
46,Noções de Informática,70672,OK
47,Telecomunicações,2324,OK
48,,0,NAO_ENCONTRADO
49,,0,NAO_ENCONTRADO
50,,0,NAO_ENCONTRADO
51,Relações Humanas,782,OK
52,Não definido,2657288,OK
53,Legislação Federal,26059,OK
54,,0,NAO_ENCONTRADO
55,,0,NAO_ENCONTRADO
56,Atualidades,15579,OK
57,Conhecimentos Bancários,3401,OK
58,Atendimento (Escriturário),152,OK
59,,0,NAO_ENCONTRADO
60,,0,NAO_ENCONTRADO
61,Legislação Estadual,13736,OK
62,,0,NAO_ENCONTRADO
63,,0,NAO_ENCONTRADO
64,,0,NAO_ENCONTRADO
65,,0,NAO_ENCONTRADO
66,Controle Externo,1224,OK
67,,0,NAO_ENCONTRADO
68,,0,NAO_ENCONTRADO
69,,0,NAO_ENCONTRADO
70,,0,NAO_ENCONTRADO
71,,0,NAO_ENCONTRADO
72,,0,NAO_ENCONTRADO
73,Geografia,23865,OK
74,,0,NAO_ENCONTRADO
75,,0,NAO_ENCONTRADO
76,Direito Ambiental,15148,OK
77,,0,NAO_ENCONTRADO
78,Direito Marítimo,507,OK
79,,0,NAO_ENCONTRADO
80,,0,NAO_ENCONTRADO
81,,0,NAO_ENCONTRADO
82,Artes Gráficas,307,OK
83,,0,NAO_ENCONTRADO
84,,0,NAO_ENCONTRADO
85,,0,NAO_ENCONTRADO
86,,0,NAO_ENCONTRADO
87,,0,NAO_ENCONTRADO
88,,0,NAO_ENCONTRADO
89,Direito do Consumidor,4382,OK
90,Direito Internacional Privado,273,OK
91,,0,NAO_ENCONTRADO
92,Regimento Interno,3147,OK
93,Arquitetura de Computadores,7604,OK
94,Sistemas Operacionais,13445,OK
95,Redes de Computadores,23854,OK
96,Banco de Dados,18459,OK
97,Segurança da Informação,14265,OK
98,Algoritmos e Estrutura de Dados,3735,OK
99,Governança de TI,7532,OK
100,Engenharia de Software,14266,OK
101,,0,NAO_ENCONTRADO
102,,0,NAO_ENCONTRADO
103,,0,NAO_ENCONTRADO
104,Medicina Legal,5219,OK
105,,0,NAO_ENCONTRADO
106,,0,NAO_ENCONTRADO
107,Contabilidade de Custos,4693,OK
108,,0,NAO_ENCONTRADO
109,,0,NAO_ENCONTRADO
110,,0,NAO_ENCONTRADO
111,,0,NAO_ENCONTRADO
112,Gestão de Pessoas,16499,OK
113,,0,NAO_ENCONTRADO
114,,0,NAO_ENCONTRADO
115,,0,NAO_ENCONTRADO
116,,0,NAO_ENCONTRADO
117,,0,NAO_ENCONTRADO
118,Gerência de Projetos,6053,OK
119,,0,NAO_ENCONTRADO
120,,0,NAO_ENCONTRADO
121,,0,NAO_ENCONTRADO
122,,0,NAO_ENCONTRADO
123,,0,NAO_ENCONTRADO
124,,0,NAO_ENCONTRADO
125,,0,NAO_ENCONTRADO
126,,0,NAO_ENCONTRADO
127,,0,NAO_ENCONTRADO
128,,0,NAO_ENCONTRADO
129,,0,NAO_ENCONTRADO
130,,0,NAO_ENCONTRADO
131,,0,NAO_ENCONTRADO
132,,0,NAO_ENCONTRADO
133,,0,NAO_ENCONTRADO
134,,0,NAO_ENCONTRADO
135,,0,NAO_ENCONTRADO
136,,0,NAO_ENCONTRADO
137,,0,NAO_ENCONTRADO
138,,0,NAO_ENCONTRADO
139,,0,NAO_ENCONTRADO
140,,0,NAO_ENCONTRADO
141,,0,NAO_ENCONTRADO
142,,0,NAO_ENCONTRADO
143,,0,NAO_ENCONTRADO
144,,0,NAO_ENCONTRADO
145,,0,NAO_ENCONTRADO
146,,0,NAO_ENCONTRADO
147,,0,NAO_ENCONTRADO
148,Patologia,2552,OK
149,,0,NAO_ENCONTRADO
150,,0,NAO_ENCONTRADO
151,,0,NAO_ENCONTRADO
152,Comércio Internacional (Exterior),760,OK
153,,0,NAO_ENCONTRADO
154,,0,NAO_ENCONTRADO
155,,0,NAO_ENCONTRADO
156,,0,NAO_ENCONTRADO
157,,0,NAO_ENCONTRADO
158,,0,NAO_ENCONTRADO
159,,0,NAO_ENCONTRADO
160,Programação,14502,OK
161,,0,NAO_ENCONTRADO
162,,0,NAO_ENCONTRADO
163,,0,NAO_ENCONTRADO
164,,0,NAO_ENCONTRADO
165,,0,NAO_ENCONTRADO
166,Direito Empresarial (Comercial),6195,OK
167,,0,NAO_ENCONTRADO
168,Arquitetura,19406,OK
169,Biblioteconomia,21112,OK
170,Comunicação Social,11208,OK
171,Engenharia Civil,47691,OK
172,Enfermagem,83574,OK
173,,0,NAO_ENCONTRADO
174,Redação Oficial,8834,OK
175,,0,NAO_ENCONTRADO
176,Odontologia,45140,OK
177,Medicina,160160,OK
178,Psicologia,51039,OK
179,Legislação Municipal,2655,OK
180,Engenharia Elétrica,18781,OK
181,Engenharia Mecânica,17553,OK
182,Pedagogia,141916,OK
183,Terapia Ocupacional,10459,OK
184,Engenharia de Telecomunicações,2145,OK
185,Fisioterapia,24530,OK
186,Nutrição,34559,OK
187,Atendimento ao Público,6352,OK
188,Serviço Social,46021,OK
189,Psiquiatria,11432,OK
190,,0,NAO_ENCONTRADO
191,Economia,17574,OK
192,,0,NAO_ENCONTRADO
193,,0,NAO_ENCONTRADO
194,,0,NAO_ENCONTRADO
195,,0,NAO_ENCONTRADO
196,,0,NAO_ENCONTRADO
197,Cultura Geral,2657288,OK
198,Física,11109,OK
199,Noções de Primeiros Socorros,4528,OK
200,Legislação de Trânsito,19221,OK
201,,0,NAO_ENCONTRADO
202,,0,NAO_ENCONTRADO
203,Direito Penal Militar,245,OK
204,Direito Processual Penal Militar,265,OK
205,Oceanografia Geológica,475,OK
206,Jornalismo,10032,OK
207,Segurança e Transporte,6006,OK
208,Química,18666,OK
209,"História Econômica, Administrativa e Política de São Paulo",2657288,OK
210,,0,NAO_ENCONTRADO
211,Direito Sanitário,15752,OK
212,,0,NAO_ENCONTRADO
213,Administração de Recursos Materiais,10882,OK
214,Direitos Humanos,4772,OK
215,,0,NAO_ENCONTRADO
216,Filosofia do Direito,396,OK
217,,0,NAO_ENCONTRADO
218,,0,NAO_ENCONTRADO
219,,0,NAO_ENCONTRADO
220,,0,NAO_ENCONTRADO
221,,0,NAO_ENCONTRADO
222,Legislação de Seguros,192,OK
223,,0,NAO_ENCONTRADO
224,,0,NAO_ENCONTRADO
225,Auditoria de Obras Públicas,1465,OK
226,Matemática Atuarial,193,OK
227,,0,NAO_ENCONTRADO
228,,0,NAO_ENCONTRADO
229,Marketing,2323,OK
230,,0,NAO_ENCONTRADO
231,,0,NAO_ENCONTRADO
232,Direito Agrário,691,OK
233,Direito da Criança e do Adolescente - Estatuto da Criança e do Adolescente (ECA) - Lei nº 8.069 de 1990,11457,OK
234,,0,NAO_ENCONTRADO
235,Análise de Balanços,3692,OK
236,,0,NAO_ENCONTRADO
237,,0,NAO_ENCONTRADO
238,Sistemas de Informação,1267,OK
239,Veterinária,20034,OK
240,,0,NAO_ENCONTRADO
241,,0,NAO_ENCONTRADO
242,,0,NAO_ENCONTRADO
243,,0,NAO_ENCONTRADO
244,Biologia,23477,OK
245,Atuária,640,OK
246,Legislação da Defensoria Pública,905,OK
247,,0,NAO_ENCONTRADO
248,,0,NAO_ENCONTRADO
249,,0,NAO_ENCONTRADO
250,Legislação da AGU,76,OK
251,,0,NAO_ENCONTRADO
252,Sociologia,6945,OK
253,Ciência Política,860,OK
254,,0,NAO_ENCONTRADO
255,Engenharia Agrícola,1120,OK
256,Engenharia Agronômica (Agronomia),16142,OK
257,,0,NAO_ENCONTRADO
258,Engenharia Florestal,2702,OK
259,Engenharia Ambiental e Sanitária,15684,OK
260,Engenharia Química e Química Industrial,3309,OK
261,,0,NAO_ENCONTRADO
262,Farmácia,30410,OK
263,Fonoaudiologia,16876,OK
264,,0,NAO_ENCONTRADO
265,Relações Públicas,3883,OK
266,Engenharia de Pesca,935,OK
267,,0,NAO_ENCONTRADO
268,,0,NAO_ENCONTRADO
269,Engenharia Naval,1405,OK
270,,0,NAO_ENCONTRADO
271,,0,NAO_ENCONTRADO
272,Arqueologia,513,OK
273,Antropologia,1084,OK
274,Engenharia de Produção,2877,OK
275,Engenharia Eletrônica,4268,OK
276,Legislação do Ministério Público,2437,OK
277,Organização da Justiça Militar da União,2657288,OK
278,,0,NAO_ENCONTRADO
279,,0,NAO_ENCONTRADO
280,,0,NAO_ENCONTRADO
281,Agrimensura,1133,OK
282,,0,NAO_ENCONTRADO
283,Artes Cênicas,2556,OK
284,,0,NAO_ENCONTRADO
285,,0,NAO_ENCONTRADO
286,,0,NAO_ENCONTRADO
287,,0,NAO_ENCONTRADO
288,,0,NAO_ENCONTRADO
289,,0,NAO_ENCONTRADO
290,,0,NAO_ENCONTRADO
291,,0,NAO_ENCONTRADO
292,,0,NAO_ENCONTRADO
293,Ciência e Tecnologia,111,OK
294,,0,NAO_ENCONTRADO
295,,0,NAO_ENCONTRADO
296,,0,NAO_ENCONTRADO
297,,0,NAO_ENCONTRADO
298,,0,NAO_ENCONTRADO
299,Biomedicina - Análises Clínicas,9520,OK
300,,0,NAO_ENCONTRADO
301,Artes Plásticas,1863,OK
302,Artes Visuais,3867,OK
303,,0,NAO_ENCONTRADO
304,,0,NAO_ENCONTRADO
305,Automação,47,OK
306,,0,NAO_ENCONTRADO
307,,0,NAO_ENCONTRADO
308,,0,NAO_ENCONTRADO
309,,0,NAO_ENCONTRADO
310,,0,NAO_ENCONTRADO
311,,0,NAO_ENCONTRADO
312,,0,NAO_ENCONTRADO
313,,0,NAO_ENCONTRADO
314,,0,NAO_ENCONTRADO
315,,0,NAO_ENCONTRADO
316,,0,NAO_ENCONTRADO
317,Desenho Técnico,25,OK
318,Desenho Industrial,722,OK
319,,0,NAO_ENCONTRADO
320,,0,NAO_ENCONTRADO
321,,0,NAO_ENCONTRADO
322,,0,NAO_ENCONTRADO
323,Edificações,7242,OK
324,,0,NAO_ENCONTRADO
325,Educação Artística,8966,OK
326,Educação Física,28643,OK
327,Eletricidade,6062,OK
328,,0,NAO_ENCONTRADO
329,Eletroeletrônica,666,OK
330,,0,NAO_ENCONTRADO
331,Eletrônica,2038,OK
332,Eletrotécnica,2883,OK
333,,0,NAO_ENCONTRADO
334,,0,NAO_ENCONTRADO
335,,0,NAO_ENCONTRADO
336,Engenharia Biomédica,507,OK
337,,0,NAO_ENCONTRADO
338,,0,NAO_ENCONTRADO
339,Engenharia de Agrimensura,1264,OK
340,,0,NAO_ENCONTRADO
341,Engenharia de Petróleo,1392,OK
342,,0,NAO_ENCONTRADO
343,Engenharia de Transportes e Trânsito,1444,OK
344,Engenharia Hidráulica,1888,OK
345,,0,NAO_ENCONTRADO
346,Engenharia Mecatrônica,399,OK
347,,0,NAO_ENCONTRADO
348,,0,NAO_ENCONTRADO
349,,0,NAO_ENCONTRADO
350,Enologia,88,OK
351,,0,NAO_ENCONTRADO
352,,0,NAO_ENCONTRADO
353,,0,NAO_ENCONTRADO
354,Francês,664,OK
355,,0,NAO_ENCONTRADO
356,Gastronomia,203,OK
357,,0,NAO_ENCONTRADO
358,Geologia,6761,OK
359,,0,NAO_ENCONTRADO
360,,0,NAO_ENCONTRADO
361,,0,NAO_ENCONTRADO
362,,0,NAO_ENCONTRADO
363,,0,NAO_ENCONTRADO
364,,0,NAO_ENCONTRADO
365,,0,NAO_ENCONTRADO
366,Hemoterapia,9,OK
367,Hidrologia,10,OK
368,,0,NAO_ENCONTRADO
369,,0,NAO_ENCONTRADO
370,Instrumentação Industrial,32,OK
371,Libras,8660,OK
372,,0,NAO_ENCONTRADO
373,,0,NAO_ENCONTRADO
374,,0,NAO_ENCONTRADO
375,,0,NAO_ENCONTRADO
376,,0,NAO_ENCONTRADO
377,,0,NAO_ENCONTRADO
378,,0,NAO_ENCONTRADO
379,,0,NAO_ENCONTRADO
380,,0,NAO_ENCONTRADO
381,,0,NAO_ENCONTRADO
382,,0,NAO_ENCONTRADO
383,,0,NAO_ENCONTRADO
384,,0,NAO_ENCONTRADO
385,,0,NAO_ENCONTRADO
386,,0,NAO_ENCONTRADO
387,,0,NAO_ENCONTRADO
388,Segurança,1,OK
389,,0,NAO_ENCONTRADO
390,,0,NAO_ENCONTRADO
391,,0,NAO_ENCONTRADO
392,,0,NAO_ENCONTRADO
393,,0,NAO_ENCONTRADO
394,,0,NAO_ENCONTRADO
395,,0,NAO_ENCONTRADO
396,,0,NAO_ENCONTRADO
397,,0,NAO_ENCONTRADO
398,,0,NAO_ENCONTRADO
399,,0,NAO_ENCONTRADO
400,,0,NAO_ENCONTRADO
401,,0,NAO_ENCONTRADO
402,,0,NAO_ENCONTRADO
403,,0,NAO_ENCONTRADO
404,,0,NAO_ENCONTRADO
405,,0,NAO_ENCONTRADO
406,,0,NAO_ENCONTRADO
407,,0,NAO_ENCONTRADO
408,Literatura,2191,OK
409,Logística,1842,OK
410,,0,NAO_ENCONTRADO
411,,0,NAO_ENCONTRADO
412,,0,NAO_ENCONTRADO
413,Mecânica,7011,OK
414,Mecânica de Autos,4095,OK
415,,0,NAO_ENCONTRADO
416,Mecatrônica,107,OK
417,Meio Ambiente,8232,OK
418,Metalurgia,2657288,OK
419,Meteorologia,1001,OK
420,Metrologia,5,OK
421,,0,NAO_ENCONTRADO
422,Museologia,1456,OK
423,Música,3343,OK
424,,0,NAO_ENCONTRADO
425,,0,NAO_ENCONTRADO
426,Operações Portuárias,2657288,OK
427,Órtese e Prótese,27,OK
428,,0,NAO_ENCONTRADO
429,,0,NAO_ENCONTRADO
430,,0,NAO_ENCONTRADO
431,,0,NAO_ENCONTRADO
432,,0,NAO_ENCONTRADO
433,,0,NAO_ENCONTRADO
434,,0,NAO_ENCONTRADO
435,,0,NAO_ENCONTRADO
436,,0,NAO_ENCONTRADO
437,Radiologia,11794,OK
438,,0,NAO_ENCONTRADO
439,,0,NAO_ENCONTRADO
440,Secretariado,2563,OK
441,,0,NAO_ENCONTRADO
442,Sistemas de Gás,23,OK
443,,0,NAO_ENCONTRADO
444,,0,NAO_ENCONTRADO
445,,0,NAO_ENCONTRADO
446,,0,NAO_ENCONTRADO
447,Técnicas Administrativas,61,OK
448,,0,NAO_ENCONTRADO
449,,0,NAO_ENCONTRADO
450,,0,NAO_ENCONTRADO
451,,0,NAO_ENCONTRADO
452,,0,NAO_ENCONTRADO
453,,0,NAO_ENCONTRADO
454,,0,NAO_ENCONTRADO
455,,0,NAO_ENCONTRADO
456,,0,NAO_ENCONTRADO
457,,0,NAO_ENCONTRADO
458,,0,NAO_ENCONTRADO
459,,0,NAO_ENCONTRADO
460,,0,NAO_ENCONTRADO
461,,0,NAO_ENCONTRADO
462,,0,NAO_ENCONTRADO
463,,0,NAO_ENCONTRADO
464,,0,NAO_ENCONTRADO
465,Técnicas em Laboratório,9360,OK
466,Técnicas em Prótese Dentária,2657288,OK
467,,0,NAO_ENCONTRADO
468,,0,NAO_ENCONTRADO
469,,0,NAO_ENCONTRADO
470,,0,NAO_ENCONTRADO
471,Técnicas em Topografia,122,OK
472,,0,NAO_ENCONTRADO
473,,0,NAO_ENCONTRADO
474,,0,NAO_ENCONTRADO
475,Tecnologia Educacional,25,OK
476,,0,NAO_ENCONTRADO
477,,0,NAO_ENCONTRADO
478,,0,NAO_ENCONTRADO
479,,0,NAO_ENCONTRADO
480,,0,NAO_ENCONTRADO
481,,0,NAO_ENCONTRADO
482,,0,NAO_ENCONTRADO
483,Teologia,80,OK
484,Turismo,1936,OK
485,"Vestuário, Moda e Estilismo",337,OK
486,,0,NAO_ENCONTRADO
487,Zootecnia,203,OK
488,,0,NAO_ENCONTRADO
489,Modelagem de Processos de Negócio (BPM),1526,OK
490,,0,NAO_ENCONTRADO
491,,0,NAO_ENCONTRADO
492,,0,NAO_ENCONTRADO
493,,0,NAO_ENCONTRADO
494,,0,NAO_ENCONTRADO
495,,0,NAO_ENCONTRADO
496,,0,NAO_ENCONTRADO
497,Direito Notarial e Registral,3104,OK
498,Engenharia de Automação,715,OK
499,Engenharia de Qualidade,511,OK
500,"Estatuto da Advocacia e da OAB, Regulamento Geral e Código de Ética e Disciplina da OAB",127,OK
501,Design Gráfico,4872,OK
502,Auditoria Governamental,3954,OK
503,Arquitetura de Software,8028,OK
504,Auditoria de Obras,2657288,OK
505,,0,NAO_ENCONTRADO
506,,0,NAO_ENCONTRADO
507,,0,NAO_ENCONTRADO
508,,0,NAO_ENCONTRADO
509,,0,NAO_ENCONTRADO
510,,0,NAO_ENCONTRADO
511,,0,NAO_ENCONTRADO
512,,0,NAO_ENCONTRADO
513,,0,NAO_ENCONTRADO
514,,0,NAO_ENCONTRADO
515,,0,NAO_ENCONTRADO
516,,0,NAO_ENCONTRADO
517,,0,NAO_ENCONTRADO
518,Engenharia Aeronáutica,1004,OK
519,Direito Urbanístico,3766,OK
520,,0,NAO_ENCONTRADO
521,História e Geografia de Estados e Municípios,14077,OK
522,,0,NAO_ENCONTRADO
523,Áudio e Vídeo,4811,OK
524,Metodologia da Investigação Policial,215,OK
525,,0,NAO_ENCONTRADO
526,,0,NAO_ENCONTRADO
527,,0,NAO_ENCONTRADO
528,,0,NAO_ENCONTRADO
529,,0,NAO_ENCONTRADO
530,Criminalística,1351,OK
531,,0,NAO_ENCONTRADO
532,Segurança Pública,801,OK
533,,0,NAO_ENCONTRADO
534,Estatuto da Pessoa Idosa - Lei nº 10.741 de 2003,2865,OK
535,,0,NAO_ENCONTRADO
536,,0,NAO_ENCONTRADO
537,,0,NAO_ENCONTRADO
538,,0,NAO_ENCONTRADO
539,,0,NAO_ENCONTRADO
540,,0,NAO_ENCONTRADO
541,,0,NAO_ENCONTRADO
542,,0,NAO_ENCONTRADO
543,,0,NAO_ENCONTRADO
544,,0,NAO_ENCONTRADO
545,,0,NAO_ENCONTRADO
546,Filosofia,4382,OK
547,,0,NAO_ENCONTRADO
548,,0,NAO_ENCONTRADO
549,,0,NAO_ENCONTRADO
550,História,20129,OK
551,Direito Econômico,784,OK
552,,0,NAO_ENCONTRADO
553,,0,NAO_ENCONTRADO
554,Criminologia,855,OK
555,,0,NAO_ENCONTRADO
556,Legislação da Justiça Militar,191,OK
557,Legislação dos Tribunais do Trabalho (TST e TRTs),548,OK
558,"Legislação dos TRFs, STJ, STF e CNJ",1444,OK
559,Legislação da PRF,384,OK
560,Direito Processual Civil - Novo Código de Processo Civil - CPC 2015,12463,OK
561,Alemão,566,OK
562,Ciências Navais,1,OK
563,,0,NAO_ENCONTRADO
564,Agropecuária,4328,OK
565,Cartografia,1,OK
566,Ciências,3270,OK
567,Ciências Humanas,14,OK
568,,0,NAO_ENCONTRADO
569,,0,NAO_ENCONTRADO
570,,0,NAO_ENCONTRADO
571,,0,NAO_ENCONTRADO
572,,0,NAO_ENCONTRADO
573,Mineração,6,OK
574,,0,NAO_ENCONTRADO
575,Saúde Pública,33427,OK
576,Zoologia,182,OK
577,Conhecimentos de Serviços Gerais,3467,OK
578,Engenharia Cartográfica,1825,OK
579,Estatuto da Pessoa com Deficiência - Lei nº 13.146 de 2015,4349,OK
580,Legislação dos Tribunais Eleitorais (TSE e TREs),537,OK
581,"Legislação dos Tribunais de Contas (TCU, TCEs e TCMs) e Ministérios Públicos de Contas",1866,OK
582,,0,NAO_ENCONTRADO
583,Legislação das Procuradorias Gerais dos Estados - PGE's,106,OK
584,,0,NAO_ENCONTRADO
585,Relações Internacionais,847,OK
586,Italiano,361,OK
587,Astronomia,297,OK
588,Tratados Internacionais,88,OK
589,Braille,1028,OK
590,Taquigrafia,33,OK
591,Linguística,1308,OK
592,Gestão de Saúde e Administração Hospitalar,768,OK
593,Direito Digital,3288,OK
594,Publicidade e Propaganda,479,OK
595,Legislação dos Municípios do Estado do Rio de Janeiro,1744,OK
596,Legislação dos Municípios do Estado de São Paulo,4317,OK
597,Legislação dos Municípios do Estado de Minas Gerais,2767,OK
598,Legislação dos Municípios do Estado do Paraná,2034,OK
599,Legislação dos Municípios do Estado do Rio Grande do Sul,6450,OK
600,Legislação dos Municípios do Estado de Santa Catarina,4118,OK
